Time,IP1,Port1,IP2,Port2,Proto,1->2Bytes,2->1Bytes,1->2Pkts,2->1Pkts,packet_times,packet_sizes,packet_dirs
1605606135,192.168.1.192,50520,137.110.0.69,443,17,12924,6995,24,30,1605606135157;1605606135157;1605606135157;1605606135157;1605606135157;1605606135157;1605606135158;1605606135185;1605606135547;1605606135548;1605606135548;1605606135548;1605606135548;1605606135569;1605606135569;1605606135569;1605606135569;1605606135569;1605606135727;1605606135727;1605606135727;1605606135727;1605606135727;1605606135727;1605606135728;1605606135748;1605606135766;1605606135766;1605606135766;1605606135766;1605606135766;1605606135788;1605606135788;1605606135788;1605606135788;1605606135788;1605606135878;1605606135879;1605606135879;1605606135879;1605606135879;1605606135880;1605606135880;1605606135903;1605606135917;1605606135918;1605606135918;1605606135918;1605606135918;1605606135942;1605606135942;1605606135942;1605606135942;1605606135942;,516;335;248;165;126;126;165;126;459;1366;1366;529;269;126;126;126;126;126;262;1346;511;165;126;126;165;126;312;1366;1366;529;269;126;126;126;126;126;258;439;126;317;165;126;165;126;312;1366;1366;529;269;126;126;126;126;126;,2;2;2;2;1;1;1;2;1;1;1;1;1;2;2;2;2;2;2;2;2;2;1;1;1;2;1;1;1;1;1;2;2;2;2;2;2;2;1;2;2;1;1;2;1;1;1;1;1;2;2;2;2;2;
1605606136,192.168.1.192,50520,137.110.0.69,443,17,6310,3809,12,16,1605606136061;1605606136061;1605606136062;1605606136062;1605606136062;1605606136062;1605606136062;1605606136085;1605606136271;1605606136271;1605606136271;1605606136271;1605606136271;1605606136271;1605606136302;1605606136302;1605606136309;1605606136309;1605606136309;1605606136309;1605606136378;1605606136378;1605606136378;1605606136379;1605606136379;1605606136379;1605606136379;1605606136398;,262;651;126;183;165;126;165;126;276;1366;1366;529;1366;573;126;126;126;126;126;126;522;519;126;334;165;126;165;126;,2;2;1;2;2;1;1;2;1;1;1;1;1;1;2;2;2;2;2;2;2;2;1;2;2;1;1;2;
1605606137,192.168.1.192,50520,137.110.0.69,443,17,8812,8696,22,14,1605606137629;1605606137629;1605606137629;1605606137631;1605606137632;1605606137667;1605606137667;1605606137667;1605606137669;1605606137669;1605606137669;1605606137670;1605606137670;1605606137704;1605606137704;1605606137704;1605606137704;1605606137704;1605606137704;1605606137705;1605606137705;1605606137705;1605606137705;1605606137708;1605606137740;1605606137740;1605606137741;1605606137741;1605606137741;1605606137741;1605606137771;1605606137771;1605606137775;1605606137775;1605606137930;1605606137979;,640;1366;338;106;118;106;106;106;118;531;106;106;335;1366;1366;106;106;1366;1366;106;106;1309;106;199;157;106;640;1366;1366;1116;106;106;531;106;162;162;,1;1;1;1;1;2;2;1;2;2;1;1;1;2;2;1;1;2;2;1;1;2;1;1;2;1;1;1;1;1;2;2;2;1;1;2;
1605606138,192.168.1.192,50520,137.110.0.69,443,17,106,0,1,0,1605606138023;,106;,1;
1605606138,192.168.1.204,5353,224.0.0.251,5353,17,236,0,1,0,1605606138066;,236;,1;
1605606138,FE80::87B:8146:EC69:6D31,5353,FF02::FB,5353,17,256,0,1,0,1605606138067;,256;,1;
1605606139,192.168.1.204,5353,224.0.0.251,5353,17,236,0,1,0,1605606139083;,236;,1;
1605606139,FE80::87B:8146:EC69:6D31,5353,FF02::FB,5353,17,256,0,1,0,1605606139083;,256;,1;
1605606139,192.168.1.192,50520,137.110.0.69,443,17,407,260,3,2,1605606139293;1605606139362;1605606139404;1605606139544;1605606139669;,165;154;106;136;106;,1;2;1;1;2;
1605606141,192.168.1.192,50520,137.110.0.69,443,17,255,280,2,1,1605606141022;1605606141089;1605606141135;,149;280;106;,1;2;1;
1605606141,192.168.1.204,5353,224.0.0.251,5353,17,236,0,1,0,1605606141029;,236;,1;
1605606141,FE80::87B:8146:EC69:6D31,5353,FF02::FB,5353,17,256,0,1,0,1605606141029;,256;,1;
1605606142,192.168.1.192,50520,137.110.0.69,443,17,529,263,2,2,1605606142842;1605606142980;1605606142993;1605606142994;,388;126;137;141;,1;2;2;1;
1605606143,192.168.1.192,50520,137.110.0.69,443,17,4793,66778,35,64,1605606143000;1605606143016;1605606143024;1605606143142;1605606143162;1605606143479;1605606143482;1605606143482;1605606143482;1605606143482;1605606143483;1605606143483;1605606143485;1605606143508;1605606143532;1605606143533;1605606143550;1605606143550;1605606143551;1605606143551;1605606143569;1605606143570;1605606143570;1605606143616;1605606143832;1605606143833;1605606143833;1605606143833;1605606143833;1605606143834;1605606143834;1605606143834;1605606143834;1605606143835;1605606143836;1605606143836;1605606143836;1605606143836;1605606143836;1605606143836;1605606143837;1605606143837;1605606143838;1605606143839;1605606143839;1605606143840;1605606143840;1605606143840;1605606143840;1605606143841;1605606143841;1605606143841;1605606143841;1605606143841;1605606143842;1605606143842;1605606143842;1605606143842;1605606143842;1605606143843;1605606143844;1605606143844;1605606143844;1605606143844;1605606143844;1605606143844;1605606143845;1605606143845;1605606143845;1605606143847;1605606143847;1605606143847;1605606143847;1605606143847;1605606143847;1605606143847;1605606143847;1605606143847;1605606143847;1605606143847;1605606143847;1605606143848;1605606143848;1605606143848;1605606143849;1605606143849;1605606143849;1605606143851;1605606143851;1605606143851;1605606143851;1605606143851;1605606143851;1605606143851;1605606143851;1605606143852;1605606143852;1605606143853;1605606143885;,127;106;138;127;138;649;493;182;215;165;126;126;165;126;148;148;448;460;346;165;126;126;165;126;424;1346;126;1346;1346;126;1346;1346;1346;126;1346;1346;1346;1346;126;877;126;126;1346;1346;126;1346;1346;1346;126;1346;1346;1346;126;126;1346;1346;126;1346;1346;126;1346;967;1346;1346;1346;1346;126;126;126;1346;1346;1346;1346;1346;1346;1346;1346;1346;967;1346;1346;126;126;126;126;126;126;1346;1346;1346;1346;1346;1346;656;126;126;126;165;126;,1;2;2;1;2;2;2;2;2;2;1;1;1;2;1;1;2;2;1;1;2;2;2;1;2;2;1;2;2;1;2;2;2;1;2;2;2;2;1;2;1;1;2;2;1;2;2;2;1;2;2;2;1;1;2;2;1;2;2;1;2;2;2;2;2;2;1;1;1;2;2;2;2;2;2;2;2;2;2;2;2;1;1;1;1;1;1;2;2;2;2;2;2;2;1;1;1;1;2;
1605606144,192.168.1.192,50520,137.110.0.69,443,17,6042,6365,21,28,1605606144021;1605606144021;1605606144041;1605606144042;1605606144042;1605606144067;1605606144067;1605606144067;1605606144068;1605606144068;1605606144068;1605606144068;1605606144101;1605606144399;1605606144399;1605606144400;1605606144401;1605606144401;1605606144419;1605606144419;1605606144426;1605606144426;1605606144426;1605606144475;1605606144475;1605606144489;1605606144489;1605606144489;1605606144489;1605606144491;1605606144491;1605606144491;1605606144491;1605606144494;1605606144494;1605606144494;1605606144497;1605606144501;1605606144501;1605606144517;1605606144537;1605606144613;1605606144613;1605606144613;1605606144613;1605606144614;1605606144615;1605606144617;1605606144639;,209;165;126;126;165;218;200;157;126;126;165;165;126;369;1033;228;1366;200;126;126;126;126;126;228;615;523;396;126;126;259;165;126;165;497;407;126;266;126;126;126;126;499;467;304;165;126;126;165;126;,1;1;2;2;2;2;2;2;1;1;2;1;2;1;1;1;1;1;2;2;2;2;2;1;1;2;2;1;1;2;2;1;1;2;2;1;2;2;2;2;1;2;2;2;2;1;1;1;2;
1605606145,192.168.1.204,5353,224.0.0.251,5353,17,236,0,1,0,1605606145022;,236;,1;
1605606145,FE80::87B:8146:EC69:6D31,5353,FF02::FB,5353,17,256,0,1,0,1605606145023;,256;,1;
1605606145,192.168.1.192,50520,137.110.0.69,443,17,4181,4439,15,20,1605606145408;1605606145408;1605606145408;1605606145408;1605606145432;1605606145432;1605606145432;1605606145432;1605606145432;1605606145476;1605606145486;1605606145487;1605606145487;1605606145487;1605606145487;1605606145487;1605606145487;1605606145488;1605606145513;1605606145627;1605606145627;1605606145627;1605606145647;1605606145647;1605606145647;1605606145647;1605606145696;1605606145841;1605606145842;1605606145842;1605606145842;1605606145842;1605606145842;1605606145843;1605606145867;,241;165;1366;128;126;126;126;126;165;126;207;519;126;169;355;165;126;165;126;186;165;844;126;126;126;165;126;201;792;402;165;126;126;165;126;,1;1;1;1;2;2;2;2;2;1;2;2;1;2;2;2;1;1;2;1;1;1;2;2;2;2;1;2;2;2;2;1;1;1;2;
1605606146,192.168.1.192,50520,137.110.0.69,443,17,175,106,1,1,1605606146613;1605606146638;,175;106;,1;2;
1605606147,192.168.1.192,50520,137.110.0.69,443,17,322,378,2,3,1605606147661;1605606147924;1605606147925;1605606147954;1605606147974;,110;162;160;106;162;,2;1;1;2;2;
1605606148,192.168.1.192,50520,137.110.0.69,443,17,212,138,2,1,1605606148017;1605606148021;1605606148064;,106;138;106;,1;2;1;
1605606148,FE80::A608:F5FF:FE6C:3BA6,0,FF02::1,0,58,96,0,1,0,1605606148913;,96;,1;
1605606149,192.168.1.192,50520,137.110.0.69,443,17,2956,1788,6,8,1605606149830;1605606149830;1605606149830;1605606149854;1605606149857;1605606149857;1605606149924;1605606149924;1605606149925;1605606149925;1605606149925;1605606149926;1605606149926;1605606149949;,371;1366;802;126;126;126;522;337;260;165;126;126;165;126;,1;1;1;2;2;2;2;2;2;2;1;1;1;2;
1605606150,192.168.1.192,50520,137.110.0.69,443,17,18653,31927,60,88,1605606150051;1605606150051;1605606150056;1605606150071;1605606150072;1605606150072;1605606150081;1605606150112;1605606150112;1605606150112;1605606150112;1605606150113;1605606150113;1605606150116;1605606150116;1605606150137;1605606150138;1605606150139;1605606150139;1605606150146;1605606150146;1605606150148;1605606150148;1605606150169;1605606150170;1605606150185;1605606150185;1605606150191;1605606150280;1605606150280;1605606150280;1605606150280;1605606150280;1605606150280;1605606150288;1605606150288;1605606150288;1605606150288;1605606150288;1605606150288;1605606150289;1605606150302;1605606150302;1605606150303;1605606150304;1605606150304;1605606150304;1605606150304;1605606150304;1605606150308;1605606150308;1605606150308;1605606150308;1605606150308;1605606150308;1605606150308;1605606150310;1605606150311;1605606150311;1605606150311;1605606150314;1605606150315;1605606150315;1605606150315;1605606150315;1605606150315;1605606150317;1605606150324;1605606150324;1605606150324;1605606150330;1605606150330;1605606150336;1605606150337;1605606150343;1605606150352;1605606150352;1605606150353;1605606150358;1605606150358;1605606150373;1605606150378;1605606150379;1605606150380;1605606150394;1605606150394;1605606150394;1605606150394;1605606150395;1605606150395;1605606150395;1605606150424;1605606150425;1605606150427;1605606150427;1605606150427;1605606150427;1605606150427;1605606150427;1605606150450;1605606150473;1605606150473;1605606150474;1605606150474;1605606150475;1605606150475;1605606150475;1605606150475;1605606150484;1605606150485;1605606150485;1605606150485;1605606150485;1605606150485;1605606150485;1605606150490;1605606150491;1605606150492;1605606150492;1605606150492;1605606150504;1605606150505;1605606150527;1605606150528;1605606150528;1605606150528;1605606150528;1605606150529;1605606150529;1605606150529;1605606150530;1605606150530;1605606150530;1605606150530;1605606150530;1605606150530;1605606150530;1605606150531;1605606150531;1605606150557;1605606150852;1605606150854;1605606150854;1605606150854;1605606150854;1605606150855;1605606150855;1605606150875;,330;165;330;126;126;165;126;198;157;165;126;126;165;532;165;126;126;126;165;1366;958;1096;379;126;126;126;126;126;381;1366;1127;316;1366;1129;517;1036;377;165;126;126;165;278;165;126;126;126;126;126;126;524;360;361;165;126;126;165;531;1081;126;376;126;198;157;165;126;165;485;126;126;165;137;137;126;126;126;437;449;309;508;576;126;126;126;126;200;216;157;126;165;126;165;126;262;1346;126;367;165;126;165;126;258;1346;126;296;231;126;165;165;492;851;126;251;165;126;165;499;661;126;362;126;126;126;384;1346;126;1346;1346;126;1346;1346;126;1346;1346;156;157;165;126;126;165;126;506;515;126;182;165;126;165;126;,1;1;1;2;2;2;2;2;2;2;1;1;1;1;1;2;2;2;2;1;1;1;1;2;2;2;2;1;1;1;1;1;1;1;2;2;2;2;1;1;1;1;1;2;2;2;2;2;2;2;2;2;2;1;1;1;2;2;1;2;2;2;2;2;1;1;1;2;2;2;1;1;2;2;2;2;2;1;1;1;2;1;2;2;2;2;2;1;2;1;1;2;2;2;1;2;2;1;1;2;2;2;1;2;2;1;2;1;2;2;1;2;2;1;1;2;2;1;2;1;2;2;2;2;1;2;2;1;2;2;1;2;2;2;2;2;1;1;1;2;2;2;1;2;2;1;1;2;
1605606151,192.168.1.192,50520,137.110.0.69,443,17,9587,10544,30,43,1605606151000;1605606151000;1605606151000;1605606151001;1605606151001;1605606151002;1605606151003;1605606151031;1605606151053;1605606151054;1605606151054;1605606151054;1605606151054;1605606151054;1605606151078;1605606151078;1605606151078;1605606151078;1605606151078;1605606151078;1605606151078;1605606151127;1605606151128;1605606151128;1605606151128;1605606151128;1605606151128;1605606151128;1605606151162;1605606151175;1605606151175;1605606151175;1605606151177;1605606151178;1605606151178;1605606151178;1605606151178;1605606151185;1605606151200;1605606151205;1605606151259;1605606151259;1605606151259;1605606151259;1605606151260;1605606151260;1605606151260;1605606151266;1605606151280;1605606151290;1605606151291;1605606151338;1605606151369;1605606151391;1605606151505;1605606151505;1605606151506;1605606151507;1605606151507;1605606151507;1605606151508;1605606151508;1605606151532;1605606151556;1605606151557;1605606151557;1605606151557;1605606151578;1605606151578;1605606151578;1605606151578;1605606151578;1605606151619;,531;540;126;373;165;126;165;126;625;234;1366;339;165;230;126;126;126;126;126;126;165;516;126;426;182;165;126;165;126;491;259;126;202;186;165;126;165;702;126;126;498;619;160;165;126;126;165;1279;126;735;126;126;127;138;489;392;126;286;224;165;126;165;126;1366;249;165;403;126;126;126;126;165;126;,2;2;1;2;2;1;1;2;1;1;1;1;1;1;2;2;2;2;2;2;2;2;1;2;2;2;1;1;2;2;2;1;2;2;2;1;1;1;2;2;2;2;2;2;1;1;1;1;2;2;2;1;1;2;2;2;1;2;2;2;1;1;2;1;1;1;1;2;2;2;2;2;1;
1605606152,192.168.1.192,50520,137.110.0.69,443,17,18797,10748,36,47,1605606152027;1605606152027;1605606152028;1605606152028;1605606152028;1605606152028;1605606152028;1605606152052;1605606152332;1605606152332;1605606152332;1605606152332;1605606152332;1605606152353;1605606152354;1605606152354;1605606152354;1605606152354;1605606152501;1605606152502;1605606152502;1605606152502;1605606152502;1605606152503;1605606152503;1605606152506;1605606152527;1605606152539;1605606152540;1605606152540;1605606152540;1605606152540;1605606152562;1605606152562;1605606152563;1605606152563;1605606152563;1605606152659;1605606152660;1605606152660;1605606152660;1605606152660;1605606152660;1605606152661;1605606152674;1605606152674;1605606152674;1605606152674;1605606152674;1605606152682;1605606152697;1605606152697;1605606152697;1605606152697;1605606152697;1605606152799;1605606152800;1605606152800;1605606152800;1605606152800;1605606152800;1605606152800;1605606152821;1605606152845;1605606152845;1605606152845;1605606152845;1605606152845;1605606152845;1605606152866;1605606152866;1605606152866;1605606152866;1605606152867;1605606152867;1605606152936;1605606152937;1605606152937;1605606152937;1605606152938;1605606152938;1605606152938;1605606152962;,520;327;271;165;126;126;165;126;460;1366;1366;529;269;126;126;126;126;126;262;1346;337;126;161;165;126;165;126;312;1366;1366;529;269;126;126;126;126;126;259;469;126;390;165;126;165;311;1366;1366;529;269;126;126;126;126;126;126;259;612;247;165;126;126;165;126;276;1366;1366;529;1366;136;126;126;126;126;126;126;522;451;126;214;165;126;165;126;,2;2;2;2;1;1;1;2;1;1;1;1;1;2;2;2;2;2;2;2;2;1;2;2;1;1;2;1;1;1;1;1;2;2;2;2;2;2;2;1;2;2;1;1;1;1;1;1;1;2;2;2;2;2;2;2;2;2;2;1;1;1;2;1;1;1;1;1;1;2;2;2;2;2;2;2;2;1;2;2;1;1;2;
1605606155,192.168.1.192,50520,137.110.0.69,443,17,429,407,2,2,1605606155179;1605606155268;1605606155269;1605606155321;,323;106;301;106;,1;2;2;1;
1605606157,192.168.1.192,50520,137.110.0.69,443,17,162,162,1,1,1605606157930;1605606157978;,162;162;,1;2;
1605606158,192.168.1.192,50520,137.110.0.69,443,17,106,0,1,0,1605606158022;,106;,1;
1605606159,192.168.1.202,5353,224.0.0.251,5353,17,692,0,2,0,1605606159768;1605606159769;,234;458;,1;1;
1605606159,FE80::14C3:1D88:1F63:D8C,5353,FF02::FB,5353,17,732,0,2,0,1605606159769;1605606159770;,254;478;,1;1;
1605606160,192.168.1.202,5353,224.0.0.251,5353,17,1989,0,9,0,1605606160075;1605606160280;1605606160382;1605606160487;1605606160588;1605606160792;1605606160895;1605606160896;1605606160997;,173;189;173;189;243;189;172;458;203;,1;1;1;1;1;1;1;1;1;
1605606160,FE80::14C3:1D88:1F63:D8C,5353,FF02::FB,5353,17,2169,0,9,0,1605606160076;1605606160280;1605606160383;1605606160488;1605606160588;1605606160793;1605606160895;1605606160896;1605606160997;,193;209;193;209;263;209;192;478;223;,1;1;1;1;1;1;1;1;1;
1605606160,192.168.1.202,0,224.0.0.251,0,2,32,0,1,0,1605606160487;,32;,1;
1605606160,192.168.1.192,53172,137.110.0.69,443,6,194,157,3,3,1605606160513;1605606160514;1605606160566;1605606160566;1605606160584;1605606160609;,77;77;40;77;40;40;,1;1;2;2;2;1;
1605606161,192.168.1.192,50520,137.110.0.69,443,17,4030,3204,11,14,1605606161037;1605606161037;1605606161039;1605606161039;1605606161039;1605606161061;1605606161068;1605606161068;1605606161068;1605606161068;1605606161134;1605606161135;1605606161135;1605606161135;1605606161135;1605606161136;1605606161136;1605606161136;1605606161137;1605606161138;1605606161138;1605606161158;1605606161193;1605606161767;1605606161861;,369;1030;228;1366;199;126;126;126;126;126;524;311;285;126;165;126;501;165;346;210;126;126;126;169;106;,1;1;1;1;1;2;2;2;2;2;2;2;2;1;2;1;2;1;2;2;1;2;1;1;2;
1605606161,192.168.1.202,5353,224.0.0.251,5353,17,363,0,1,0,1605606161611;,363;,1;
1605606161,FE80::14C3:1D88:1F63:D8C,5353,FF02::FB,5353,17,383,0,1,0,1605606161612;,383;,1;
1605606162,192.168.1.192,50520,137.110.0.69,443,17,4054,4086,14,19,1605606162049;1605606162050;1605606162050;1605606162050;1605606162071;1605606162071;1605606162071;1605606162071;1605606162071;1605606162112;1605606162124;1605606162124;1605606162125;1605606162126;1605606162126;1605606162126;1605606162127;1605606162128;1605606162155;1605606162274;1605606162274;1605606162274;1605606162296;1605606162297;1605606162297;1605606162297;1605606162336;1605606162336;1605606162336;1605606162336;1605606162337;1605606162337;1605606162363;,241;165;1366;127;126;126;126;126;165;126;206;631;126;233;222;165;126;165;126;186;165;844;126;126;126;165;197;126;803;165;126;165;126;,1;1;1;1;2;2;2;2;2;1;2;2;1;2;2;2;1;1;2;1;1;1;2;2;2;2;2;1;2;2;1;1;2;
1605606162,192.168.1.202,5353,224.0.0.251,5353,17,718,0,1,0,1605606162943;,718;,1;
1605606162,FE80::14C3:1D88:1F63:D8C,5353,FF02::FB,5353,17,738,0,1,0,1605606162944;,738;,1;
1605606163,192.168.1.192,50520,137.110.0.69,443,17,107,118,1,1,1605606163079;1605606163097;,107;118;,1;2;
1605606163,192.168.1.202,5353,224.0.0.251,5353,17,172,0,1,0,1605606163864;,172;,1;
1605606163,FE80::14C3:1D88:1F63:D8C,5353,FF02::FB,5353,17,192,0,1,0,1605606163865;,192;,1;
1605606164,192.168.1.192,50520,137.110.0.69,443,17,127,138,1,1,1605606164206;1605606164235;,127;138;,1;2;
1605606165,192.168.1.192,50520,137.110.0.69,443,17,20743,20235,53,69,1605606165177;1605606165177;1605606165177;1605606165201;1605606165201;1605606165201;1605606165270;1605606165270;1605606165270;1605606165270;1605606165271;1605606165271;1605606165272;1605606165294;1605606165317;1605606165317;1605606165317;1605606165322;1605606165337;1605606165337;1605606165337;1605606165338;1605606165348;1605606165383;1605606165383;1605606165390;1605606165395;1605606165395;1605606165405;1605606165405;1605606165419;1605606165420;1605606165514;1605606165514;1605606165514;1605606165514;1605606165515;1605606165515;1605606165515;1605606165532;1605606165533;1605606165533;1605606165533;1605606165533;1605606165533;1605606165533;1605606165537;1605606165553;1605606165573;1605606165574;1605606165576;1605606165576;1605606165576;1605606165576;1605606165576;1605606165577;1605606165579;1605606165593;1605606165593;1605606165599;1605606165599;1605606165613;1605606165613;1605606165613;1605606165634;1605606165634;1605606165634;1605606165635;1605606165635;1605606165635;1605606165656;1605606165656;1605606165662;1605606165665;1605606165682;1605606165682;1605606165682;1605606165682;1605606165682;1605606165683;1605606165683;1605606165699;1605606165699;1605606165700;1605606165700;1605606165700;1605606165700;1605606165700;1605606165708;1605606165709;1605606165709;1605606165709;1605606165709;1605606165710;1605606165710;1605606165712;1605606165720;1605606165736;1605606165781;1605606165782;1605606165782;1605606165783;1605606165783;1605606165783;1605606165783;1605606165807;1605606165850;1605606165852;1605606165852;1605606165852;1605606165852;1605606165853;1605606165853;1605606165872;1605606165873;1605606165873;1605606165873;1605606165874;1605606165874;1605606165874;1605606165874;1605606165899;,371;1366;802;126;126;126;524;495;126;264;165;126;165;126;1366;683;165;341;126;126;126;165;126;1366;958;126;766;709;126;126;126;126;515;963;367;165;126;126;165;529;997;211;165;126;126;165;126;126;719;504;297;268;165;126;126;165;509;351;165;126;126;126;126;165;381;1366;1127;315;1366;1129;126;126;126;126;200;241;126;157;165;126;165;493;1091;180;165;126;126;165;503;126;788;192;165;126;126;165;126;126;257;1329;126;248;165;126;165;126;506;358;340;165;126;126;165;262;126;1346;126;428;165;126;165;126;,1;1;1;2;2;2;2;2;1;2;2;1;1;2;1;1;1;1;2;2;2;2;2;1;1;1;1;1;2;2;2;2;2;2;2;2;1;1;1;2;2;2;2;1;1;1;2;2;1;2;2;2;2;1;1;1;1;1;1;2;2;2;2;2;1;1;1;1;1;1;2;2;2;1;2;2;1;2;2;1;1;2;2;2;2;1;1;1;2;2;2;2;2;1;1;1;2;2;2;2;1;2;2;1;1;2;2;2;2;2;1;1;1;2;2;2;1;2;2;1;1;2;
1605606166,192.168.1.192,50520,137.110.0.69,443,17,5248,10271,25,38,1605606166102;1605606166103;1605606166103;1605606166104;1605606166104;1605606166104;1605606166105;1605606166132;1605606166146;1605606166146;1605606166146;1605606166146;1605606166147;1605606166147;1605606166168;1605606166168;1605606166168;1605606166168;1605606166168;1605606166173;1605606166173;1605606166173;1605606166213;1605606166226;1605606166227;1605606166227;1605606166227;1605606166227;1605606166227;1605606166227;1605606166253;1605606166260;1605606166261;1605606166261;1605606166262;1605606166262;1605606166262;1605606166262;1605606166263;1605606166270;1605606166293;1605606166294;1605606166352;1605606166353;1605606166353;1605606166353;1605606166353;1605606166353;1605606166353;1605606166358;1605606166374;1605606166378;1605606166564;1605606166564;1605606166565;1605606166566;1605606166566;1605606166566;1605606166567;1605606166569;1605606166590;1605606166904;1605606166954;,552;519;126;297;165;126;165;126;611;165;234;455;165;230;126;126;126;126;165;126;126;165;126;518;126;374;371;165;126;165;126;487;445;126;219;286;165;126;165;603;126;126;496;589;126;173;165;126;165;448;126;126;490;365;126;282;269;165;126;165;126;746;126;,2;2;1;2;2;1;1;2;1;1;1;1;1;1;2;2;2;2;2;2;2;2;1;2;1;2;2;2;1;1;2;2;2;1;2;2;2;1;1;1;2;2;2;2;1;2;2;1;1;1;2;2;2;2;1;2;2;2;1;1;2;2;1;
1605606166,192.168.1.202,5353,224.0.0.251,5353,17,718,0,1,0,1605606166937;,718;,1;
1605606166,FE80::14C3:1D88:1F63:D8C,5353,FF02::FB,5353,17,738,0,1,0,1605606166938;,738;,1;
1605606167,192.168.1.202,5353,224.0.0.251,5353,17,180,0,1,0,1605606167039;,180;,1;
1605606167,FE80::14C3:1D88:1F63:D8C,5353,FF02::FB,5353,17,200,0,1,0,1605606167039;,200;,1;
1605606167,192.168.1.192,50520,137.110.0.69,443,17,33166,8147,42,44,1605606167066;1605606167066;1605606167067;1605606167067;1605606167067;1605606167067;1605606167067;1605606167067;1605606167067;1605606167067;1605606167067;1605606167068;1605606167068;1605606167068;1605606167068;1605606167068;1605606167068;1605606167068;1605606167068;1605606167068;1605606167068;1605606167098;1605606167098;1605606167098;1605606167098;1605606167098;1605606167098;1605606167098;1605606167098;1605606167099;1605606167099;1605606167099;1605606167099;1605606167099;1605606167099;1605606167103;1605606167104;1605606167104;1605606167104;1605606167105;1605606167105;1605606167105;1605606167172;1605606167174;1605606167174;1605606167174;1605606167175;1605606167177;1605606167177;1605606167177;1605606167194;1605606167199;1605606167199;1605606167199;1605606167199;1605606167250;1605606167627;1605606167648;1605606167648;1605606167648;1605606167648;1605606167654;1605606167676;1605606167681;1605606167690;1605606167690;1605606167690;1605606167690;1605606167690;1605606167691;1605606167691;1605606167716;1605606167796;1605606167796;1605606167935;1605606167938;1605606167938;1605606167938;1605606167938;1605606167938;1605606167963;1605606167964;1605606167964;1605606167964;1605606167964;1605606167984;,529;1366;1366;529;1366;1366;529;1366;1366;529;1366;1366;529;1366;1366;529;1366;1041;1366;1366;413;126;126;126;126;126;126;126;126;126;126;126;126;126;126;126;126;126;126;126;126;126;650;773;165;126;165;434;165;407;126;126;126;126;165;126;175;640;1366;1366;1135;106;106;106;518;413;380;165;126;126;165;126;532;106;162;460;1366;1366;529;269;126;126;126;126;126;162;,1;1;1;1;1;1;1;1;1;1;1;1;1;1;1;1;1;1;1;1;1;2;2;2;2;2;2;2;2;2;2;2;2;2;2;2;2;2;2;2;2;2;2;2;2;1;1;1;1;1;2;2;2;2;2;1;1;1;1;1;1;2;2;2;2;2;2;2;1;1;1;2;2;1;1;1;1;1;1;1;2;2;2;2;2;2;
1605606168,192.168.1.192,50520,137.110.0.69,443,17,16876,8474,30,35,1605606168027;1605606168145;1605606168146;1605606168146;1605606168146;1605606168147;1605606168147;1605606168148;1605606168175;1605606168201;1605606168201;1605606168201;1605606168201;1605606168201;1605606168202;1605606168202;1605606168202;1605606168202;1605606168202;1605606168233;1605606168247;1605606168248;1605606168252;1605606168252;1605606168252;1605606168254;1605606168254;1605606168254;1605606168254;1605606168254;1605606168255;1605606168256;1605606168256;1605606168326;1605606168326;1605606168327;1605606168327;1605606168328;1605606168328;1605606168328;1605606168328;1605606168347;1605606168347;1605606168347;1605606168348;1605606168348;1605606168351;1605606168363;1605606168363;1605606168363;1605606168363;1605606168363;1605606168386;1605606168386;1605606168391;1605606168392;1605606168392;1605606168487;1605606168488;1605606168488;1605606168488;1605606168488;1605606168489;1605606168489;1605606168514;,106;262;1315;401;165;126;126;165;126;311;1366;1366;529;269;276;1366;1366;529;939;126;467;126;1366;1366;234;126;126;126;126;126;126;126;126;524;292;126;320;165;126;165;106;258;446;396;126;126;126;454;1366;1366;529;269;126;126;126;126;126;258;450;126;216;165;126;165;126;,1;2;2;2;2;1;1;1;2;1;1;1;1;1;1;1;1;1;1;2;2;2;1;1;1;2;2;2;2;2;2;2;2;2;2;1;2;2;1;1;2;2;2;2;1;1;2;1;1;1;1;1;2;2;2;2;2;2;2;1;2;2;1;1;2;
1605606169,192.168.1.192,50520,137.110.0.69,443,17,2288,4882,12,15,1605606169425;1605606169448;1605606169844;1605606169845;1605606169845;1605606169845;1605606169845;1605606169846;1605606169846;1605606169848;1605606169870;1605606169888;1605606169888;1605606169906;1605606169906;1605606169907;1605606169907;1605606169928;1605606169929;1605606169929;1605606169974;1605606169983;1605606169983;1605606169983;1605606169983;1605606169983;1605606169994;,520;126;654;678;252;399;165;126;126;165;126;148;148;460;448;346;165;126;126;165;126;835;157;165;126;165;127;,1;2;2;2;2;2;2;1;1;1;2;1;1;2;2;1;1;2;2;2;1;2;2;2;1;1;1;
1605606170,192.168.1.192,50520,137.110.0.69,443,17,5683,27346,23,36,1605606170009;1605606170010;1605606170011;1605606170030;1605606170031;1605606170032;1605606170061;1605606170069;1605606170070;1605606170070;1605606170070;1605606170070;1605606170090;1605606170091;1605606170091;1605606170091;1605606170115;1605606170147;1605606170149;1605606170150;1605606170150;1605606170150;1605606170150;1605606170154;1605606170178;1605606170180;1605606170463;1605606170464;1605606170464;1605606170465;1605606170465;1605606170465;1605606170465;1605606170466;1605606170466;1605606170467;1605606170467;1605606170467;1605606170467;1605606170467;1605606170467;1605606170468;1605606170468;1605606170468;1605606170470;1605606170470;1605606170470;1605606170470;1605606170470;1605606170470;1605606170470;1605606170470;1605606170471;1605606170471;1605606170472;1605606170472;1605606170473;1605606170498;1605606170714;,126;391;138;138;126;707;126;338;190;218;1366;515;126;706;157;157;126;126;1346;240;165;126;165;424;126;126;777;1346;1346;126;1346;1346;1346;126;126;1346;1346;1346;1346;1346;265;126;126;126;1346;1346;1346;1346;1346;1346;134;165;126;126;126;126;165;126;106;,2;2;1;2;1;1;2;2;1;1;1;1;2;2;2;1;2;1;2;2;2;1;1;1;2;2;2;2;2;1;2;2;2;1;1;2;2;2;2;2;2;1;1;1;2;2;2;2;2;2;2;2;1;1;1;1;1;2;2;
1605606171,192.168.1.192,50520,137.110.0.69,443,17,3062,2143,7,9,1605606171210;1605606171211;1605606171211;1605606171233;1605606171233;1605606171233;1605606171300;1605606171300;1605606171300;1605606171301;1605606171302;1605606171303;1605606171303;1605606171322;1605606171696;1605606171746;,371;1366;802;126;126;126;522;389;366;165;126;126;165;126;197;106;,1;1;1;2;2;2;2;2;2;2;1;1;1;2;2;1;
1605606172,192.168.1.192,50520,137.110.0.69,443,17,141,243,1,2,1605606172892;1605606172893;1605606172915;,137;141;106;,2;1;2;
1605606173,192.168.1.192,50520,137.110.0.69,443,17,0,110,0,1,1605606173802;,110;,2;
1605606176,192.168.1.192,50520,137.110.0.69,443,17,4977,3250,11,13,1605606176136;1605606176136;1605606176139;1605606176139;1605606176139;1605606176159;1605606176165;1605606176165;1605606176165;1605606176165;1605606176231;1605606176231;1605606176232;1605606176232;1605606176232;1605606176232;1605606176233;1605606176235;1605606176235;1605606176235;1605606176236;1605606176237;1605606176256;1605606176283;,986;1030;601;1366;199;126;126;126;126;126;523;470;126;285;165;126;165;500;328;126;126;223;126;126;,1;1;1;1;1;2;2;2;2;2;2;2;1;2;2;1;1;2;2;1;1;2;2;1;
1605606177,192.168.1.192,50520,137.110.0.69,443,17,6815,3208,14,15,1605606177146;1605606177146;1605606177146;1605606177146;1605606177166;1605606177167;1605606177167;1605606177167;1605606177167;1605606177218;1605606177227;1605606177227;1605606177228;1605606177228;1605606177229;1605606177229;1605606177229;1605606177229;1605606177257;1605606177666;1605606177666;1605606177666;1605606177667;1605606177706;1605606177706;1605606177794;1605606177794;1605606177928;1605606177976;,245;165;1366;131;126;126;126;126;165;126;207;651;126;236;249;165;126;165;126;640;1366;1366;725;106;106;531;106;162;162;,1;1;1;1;2;2;2;2;2;1;2;2;1;2;2;2;1;1;2;1;1;1;1;2;2;2;1;1;2;
1605606178,192.168.1.192,50520,137.110.0.69,443,17,106,0,1,0,1605606178020;,106;,1;
1605606179,192.168.1.192,50520,137.110.0.69,443,17,2295,4171,12,8,1605606179326;1605606179326;1605606179436;1605606179461;1605606179461;1605606179485;1605606179506;1605606179506;1605606179506;1605606179506;1605606179506;1605606179507;1605606179507;1605606179512;1605606179536;1605606179536;1605606179562;1605606179577;1605606179608;1605606179892;,137;106;118;114;106;315;1130;482;1130;446;428;106;106;424;157;497;284;137;106;137;,1;1;1;2;1;1;2;2;2;2;2;1;1;1;2;1;2;1;1;1;
1605606180,192.168.1.192,50520,137.110.0.69,443,17,137,0,1,0,1605606180507;,137;,1;
1605606181,192.168.1.192,50520,137.110.0.69,443,17,8941,2724,13,14,1605606181426;1605606181426;1605606181426;1605606181449;1605606181450;1605606181450;1605606181519;1605606181520;1605606181520;1605606181520;1605606181520;1605606181521;1605606181521;1605606181548;1605606181713;1605606181859;1605606181859;1605606181859;1605606181860;1605606181860;1605606181860;1605606181883;1605606181883;1605606181884;1605606181884;1605606181884;1605606181887;,366;1366;802;126;126;126;524;373;126;402;165;126;165;126;137;470;1366;1129;393;1366;1129;126;126;126;126;126;126;,1;1;1;2;2;2;2;2;1;2;2;1;1;2;1;1;1;1;1;1;1;2;2;2;2;2;2;
1605606182,192.168.1.192,50520,137.110.0.69,443,17,669,4100,5,8,1605606182012;1605606182012;1605606182013;1605606182013;1605606182014;1605606182014;1605606182014;1605606182027;1605606182027;1605606182028;1605606182028;1605606182037;1605606182077;,262;1330;126;322;165;126;165;258;1346;126;291;126;126;,2;2;1;2;2;1;1;2;2;1;2;2;1;
1605606183,192.168.1.192,50520,137.110.0.69,443,17,353,334,3,2,1605606183159;1605606183200;1605606183837;1605606183935;1605606183981;,197;106;141;137;106;,2;1;1;2;1;
1605606184,192.168.1.192,50520,137.110.0.69,443,17,4085,1919,9,10,1605606184125;1605606184427;1605606184427;1605606184427;1605606184427;1605606184448;1605606184448;1605606184449;1605606184449;1605606184518;1605606184519;1605606184519;1605606184519;1605606184520;1605606184520;1605606184520;1605606184543;1605606184598;1605606184724;,137;228;1366;1366;435;126;126;126;126;521;313;126;184;165;126;165;126;136;106;,1;1;1;1;1;2;2;2;2;2;2;1;2;2;1;1;2;1;2;
1605606185,192.168.1.192,50520,137.110.0.69,443,17,429,407,2,2,1605606185249;1605606185338;1605606185338;1605606185391;,323;106;301;106;,1;2;2;1;
1605606186,192.168.1.192,50520,137.110.0.69,443,17,255,280,2,1,1605606186012;1605606186078;1605606186124;,149;280;106;,1;2;1;
1605606187,192.168.1.192,50520,137.110.0.69,443,17,3405,2584,8,9,1605606187434;1605606187434;1605606187434;1605606187456;1605606187461;1605606187461;1605606187528;1605606187528;1605606187528;1605606187528;1605606187529;1605606187529;1605606187530;1605606187550;1605606187901;1605606187945;1605606187990;,370;1366;984;126;126;126;523;318;126;236;165;126;165;126;838;106;162;,1;1;1;2;2;2;2;2;1;2;2;1;1;2;2;1;1;
1605606188,192.168.1.192,50520,137.110.0.69,443,17,1001,756,7,6,1605606188040;1605606188041;1605606188065;1605606188087;1605606188166;1605606188190;1605606188652;1605606188678;1605606188900;1605606188930;1605606188932;1605606188955;1605606188994;,127;162;138;106;127;138;175;106;169;137;160;106;106;,1;2;2;1;1;2;1;2;1;1;1;2;2;
1605606189,192.168.1.192,50520,137.110.0.69,443,17,2589,1400,6,3,1605606189018;1605606189072;1605606189103;1605606189124;1605606189500;1605606189580;1605606189621;1605606189621;1605606189843;,138;106;127;138;750;1124;106;750;750;,2;1;1;2;1;2;1;1;1;
1605606189,192.168.1.203,5353,224.0.0.251,5353,17,140,0,1,0,1605606189670;,140;,1;
1605606189,FE80::1804:6140:EE9F:1A02,5353,FF02::FB,5353,17,160,0,1,0,1605606189670;,160;,1;
1605606190,192.168.1.192,50520,137.110.0.69,443,17,5384,1826,10,9,1605606190286;1605606190938;1605606190939;1605606190953;1605606190953;1605606190953;1605606190953;1605606190953;1605606190953;1605606190957;1605606190957;1605606190958;1605606190977;1605606190977;1605606190977;1605606190977;1605606190977;1605606190977;1605606190977;,750;127;127;245;165;1366;1366;529;591;588;317;118;126;126;126;126;126;126;165;,1;1;1;1;1;1;1;1;1;2;2;1;2;2;2;2;2;2;2;
1605606190,192.168.1.192,53172,137.110.0.69,443,6,77,40,1,1,1605606190567;1605606190591;,77;40;,1;2;
1605606190,192.168.1.203,5353,224.0.0.251,5353,17,172,0,1,0,1605606190694;,172;,1;
1605606190,FE80::1804:6140:EE9F:1A02,5353,FF02::FB,5353,17,192,0,1,0,1605606190694;,192;,1;
1605606191,192.168.1.192,50520,137.110.0.69,443,17,5146,3239,13,14,1605606191026;1605606191046;1605606191046;1605606191047;1605606191133;1605606191133;1605606191135;1605606191135;1605606191135;1605606191135;1605606191153;1605606191153;1605606191154;1605606191154;1605606191154;1605606191155;1605606191155;1605606191155;1605606191156;1605606191183;1605606191223;1605606191223;1605606191223;1605606191224;1605606191353;1605606191449;1605606191503;,126;118;106;623;106;252;157;205;1366;1146;750;206;867;126;193;259;165;126;165;126;106;106;184;144;106;445;106;,1;2;1;1;2;2;1;1;1;1;1;2;2;1;2;2;2;1;1;2;2;2;2;1;2;2;1;
1605606192,192.168.1.192,50520,137.110.0.69,443,17,750,0,1,0,1605606192875;,750;,1;
1605606193,192.168.1.203,5353,224.0.0.251,5353,17,172,0,1,0,1605606193663;,172;,1;
1605606193,FE80::1804:6140:EE9F:1A02,5353,FF02::FB,5353,17,192,0,1,0,1605606193664;,192;,1;
1605606194,192.168.1.192,50520,137.110.0.69,443,17,1147,333,4,2,1605606194364;1605606194432;1605606194454;1605606194488;1605606194503;1605606194881;,165;154;179;106;126;750;,1;2;2;1;1;1;
1605606195,192.168.1.192,50520,137.110.0.69,443,17,127,138,1,1,1605606195340;1605606195360;,127;138;,1;2;
1605606196,192.168.1.192,50520,137.110.0.69,443,17,127,138,1,1,1605606196400;1605606196429;,127;138;,1;2;
1605606197,FE80::A608:F5FF:FE6C:3BA6,0,FF02::1,0,58,96,0,1,0,1605606197555;,96;,1;
1605606197,192.168.1.192,50520,137.110.0.69,443,17,162,162,1,1,1605606197929;1605606197985;,162;162;,1;2;
1605606198,192.168.1.192,50520,137.110.0.69,443,17,212,0,2,0,1605606198038;1605606198545;,106;106;,1;1;
1605606199,192.168.1.192,50520,137.110.0.69,443,17,2250,0,3,0,1605606199514;1605606199658;1605606199927;,750;750;750;,1;1;1;
1605606200,192.168.1.192,50520,137.110.0.69,443,17,750,0,1,0,1605606200449;,750;,1;
1605606201,192.168.1.192,50520,137.110.0.69,443,17,750,0,1,0,1605606201492;,750;,1;
1605606202,192.168.1.192,50520,137.110.0.69,443,17,141,243,1,2,1605606202892;1605606202893;1605606202915;,137;141;106;,2;1;2;
1605606203,192.168.1.192,50520,137.110.0.69,443,17,750,0,1,0,1605606203505;,750;,1;
1605606205,192.168.1.192,50520,137.110.0.69,443,17,750,0,1,0,1605606205521;,750;,1;
1605606207,192.168.1.192,50520,137.110.0.69,443,17,9044,9154,24,16,1605606207365;1605606207505;1605606207610;1605606207666;1605606207686;1605606207686;1605606207687;1605606207691;1605606207692;1605606207715;1605606207720;1605606207721;1605606207724;1605606207724;1605606207725;1605606207740;1605606207741;1605606207760;1605606207761;1605606207761;1605606207761;1605606207761;1605606207761;1605606207761;1605606207762;1605606207762;1605606207762;1605606207767;1605606207804;1605606207805;1605606207806;1605606207806;1605606207807;1605606207807;1605606207842;1605606207842;1605606207891;1605606207892;1605606207938;1605606207987;,127;138;320;106;640;1366;336;106;118;106;106;106;118;106;335;530;106;1366;1366;1366;106;106;1366;1309;106;106;106;199;157;106;640;1366;1366;1117;106;106;532;106;162;162;,1;2;2;1;1;1;1;1;1;2;2;1;2;1;1;2;1;2;2;2;1;1;2;2;1;1;1;1;2;1;1;1;1;1;2;2;2;1;1;2;
1605606208,192.168.1.192,50520,137.110.0.69,443,17,213,118,2,1,1605606208032;1605606208108;1605606208129;,106;107;118;,1;1;2;
1605606209,192.168.1.192,50520,137.110.0.69,443,17,5317,5154,19,22,1605606209129;1605606209129;1605606209129;1605606209149;1605606209150;1605606209150;1605606209150;1605606209205;1605606209218;1605606209218;1605606209218;1605606209218;1605606209219;1605606209219;1605606209220;1605606209236;1605606209250;1605606209270;1605606209662;1605606209697;1605606209796;1605606209796;1605606209816;1605606209816;1605606209884;1605606209884;1605606209885;1605606209885;1605606209885;1605606209886;1605606209886;1605606209911;1605606209913;1605606209914;1605606209931;1605606209941;1605606209944;1605606209964;1605606209965;1605606209965;1605606209991;,419;165;854;126;126;126;165;126;523;327;126;291;165;126;165;127;126;138;175;106;370;953;126;126;500;511;277;165;126;126;165;126;150;150;414;426;138;138;126;730;126;,1;1;1;2;2;2;2;1;2;2;1;2;2;1;1;1;2;2;1;2;1;1;2;2;2;2;2;2;1;1;1;2;1;1;2;2;1;2;1;1;2;
1605606210,192.168.1.192,50520,137.110.0.69,443,17,3305,3614,11,11,1605606210015;1605606210026;1605606210026;1605606210026;1605606210026;1605606210026;1605606210048;1605606210048;1605606210049;1605606210049;1605606210049;1605606210074;1605606210228;1605606210228;1605606210228;1605606210228;1605606210229;1605606210252;1605606210724;1605606210724;1605606210746;1605606210747;,338;190;218;1366;240;463;126;706;157;126;157;126;915;679;165;126;165;126;127;127;138;138;,2;1;1;1;1;1;2;2;2;1;1;2;2;2;2;1;1;2;1;1;2;2;
1605606210,192.168.1.204,58278,239.255.255.250,1900,17,203,0,1,0,1605606210284;,203;,1;
1605606211,192.168.1.192,50520,137.110.0.69,443,17,379,572,3,4,1605606211264;1605606211286;1605606211287;1605606211287;1605606211287;1605606211287;1605606211308;,127;138;182;126;126;126;126;,1;2;2;2;1;1;2;
1605606211,192.168.1.204,58278,239.255.255.250,1900,17,203,0,1,0,1605606211285;,203;,1;
1605606212,192.168.1.204,58278,239.255.255.250,1900,17,203,0,1,0,1605606212287;,203;,1;
1605606212,192.168.1.192,50520,137.110.0.69,443,17,127,138,1,1,1605606212724;1605606212748;,127;138;,1;2;
1605606213,192.168.1.204,58278,239.255.255.250,1900,17,203,0,1,0,1605606213287;,203;,1;
1605606213,192.168.1.192,50520,137.110.0.69,443,17,107,118,1,1,1605606213330;1605606213407;,107;118;,1;2;
1605606214,192.168.1.192,50520,137.110.0.69,443,17,3249,1841,7,9,1605606214025;1605606214025;1605606214025;1605606214046;1605606214046;1605606214047;1605606214116;1605606214116;1605606214116;1605606214116;1605606214116;1605606214116;1605606214116;1605606214138;1605606214882;1605606214902;,984;1366;355;126;126;126;524;288;222;165;126;126;165;126;127;138;,1;1;1;2;2;2;2;2;2;2;1;1;1;2;1;2;
1605606215,192.168.1.192,50520,137.110.0.69,443,17,683,577,4,3,1605606215181;1605606215201;1605606215337;1605606215425;1605606215465;1605606215512;1605606215532;,127;138;323;301;106;127;138;,1;2;1;2;1;1;2;
1605606216,192.168.1.192,50520,137.110.0.69,443,17,169,106,1,1,1605606216008;1605606216102;,169;106;,1;2;
1605606217,192.168.1.192,50520,137.110.0.69,443,17,162,162,1,1,1605606217931;1605606217996;,162;162;,1;2;
1605606218,192.168.1.192,50520,137.110.0.69,443,17,106,0,1,0,1605606218040;,106;,1;
1605606220,192.168.1.192,53172,137.110.0.69,443,6,194,157,3,3,1605606220575;1605606220575;1605606220596;1605606220596;1605606220605;1605606220638;,77;77;40;77;40;40;,1;1;2;2;2;1;
1605606220,192.168.1.192,50520,137.110.0.69,443,17,492,760,4,4,1605606220727;1605606220728;1605606220749;1605606220751;1605606220752;1605606220755;1605606220769;1605606220769;,125;125;184;121;121;184;196;196;,1;1;2;1;1;2;2;2;
1605606221,192.168.1.192,50520,137.110.0.69,443,17,106,1099,1,1,1605606221898;1605606221951;,1099;106;,2;1;
1605606222,192.168.1.192,50520,137.110.0.69,443,17,268,0,1,0,1605606222165;,268;,1;
1605606223,192.168.1.192,50520,137.110.0.69,443,17,394,179,2,1,1605606223175;1605606223287;1605606223332;,268;179;126;,1;2;1;
1605606224,192.168.1.192,50520,137.110.0.69,443,17,268,0,1,0,1605606224187;,268;,1;
1605606225,192.168.1.192,50520,137.110.0.69,443,17,8722,2762,14,14,1605606225189;1605606225196;1605606225196;1605606225196;1605606225196;1605606225196;1605606225196;1605606225196;1605606225196;1605606225196;1605606225224;1605606225225;1605606225225;1605606225225;1605606225225;1605606225225;1605606225225;1605606225225;1605606225277;1605606225278;1605606225279;1605606225279;1605606225280;1605606225280;1605606225280;1605606225281;1605606225283;1605606225311;,268;464;165;1366;1366;529;1366;1366;529;760;126;126;126;126;126;165;126;126;486;126;388;393;157;165;126;126;165;126;,1;1;1;1;1;1;1;1;1;1;2;2;2;2;2;2;2;2;2;1;2;2;2;2;1;1;1;2;
1605606227,192.168.1.192,50520,137.110.0.69,443,17,162,162,1,1,1605606227936;1605606227991;,162;162;,1;2;
1605606228,192.168.1.192,50520,137.110.0.69,443,17,106,0,1,0,1605606228031;,106;,1;
1605606229,192.168.1.192,50520,137.110.0.69,443,17,136,106,1,1,1605606229661;1605606229791;,136;106;,1;2;
1605606230,192.168.1.192,50520,137.110.0.69,443,17,335,212,2,2,1605606230665;1605606230692;1605606230928;1605606230952;,175;106;160;106;,1;2;1;2;
1605606231,192.168.1.192,50520,137.110.0.69,443,17,361,418,3,2,1605606231015;1605606231023;1605606231070;1605606231090;1605606231134;,138;149;106;280;106;,2;1;1;2;1;
1605606232,192.168.1.192,50520,137.110.0.69,443,17,141,243,1,2,1605606232893;1605606232894;1605606232916;,137;141;106;,2;1;2;
1605606233,192.168.1.192,50520,137.110.0.69,443,17,254,276,2,2,1605606233071;1605606233112;1605606233199;1605606233220;,127;138;127;138;,1;2;1;2;
1605606234,192.168.1.192,50520,137.110.0.69,443,17,127,138,1,1,1605606234135;1605606234156;,127;138;,1;2;
1605606236,192.168.1.192,50520,137.110.0.69,443,17,234,362,2,3,1605606236188;1605606236211;1605606236380;1605606236459;1605606236547;,127;138;106;107;118;,1;2;2;1;2;
1605606237,192.168.1.192,50520,137.110.0.69,443,17,4755,905,6,4,1605606237712;1605606237712;1605606237712;1605606237712;1605606237765;1605606237765;1605606237843;1605606237844;1605606237939;1605606237986;,640;1366;1366;1115;106;106;531;106;162;162;,1;1;1;1;2;2;2;1;1;2;
1605606238,192.168.1.192,50520,137.110.0.69,443,17,106,0,1,0,1605606238031;,106;,1;
1605606240,192.168.1.192,50520,137.110.0.69,443,17,619,898,5,5,1605606240364;1605606240391;1605606240805;1605606240806;1605606240825;1605606240826;1605606240827;1605606240828;1605606240846;1605606240852;,127;138;125;125;184;184;121;121;196;196;,1;2;1;1;2;2;1;1;2;2;
1605606242,192.168.1.192,50520,137.110.0.69,443,17,106,245,1,1,1605606242771;1605606242814;,245;106;,2;1;
1605606243,192.168.1.192,50520,137.110.0.69,443,17,169,106,1,1,1605606243053;1605606243158;,169;106;,1;2;
1605606245,192.168.1.192,50520,137.110.0.69,443,17,429,407,2,2,1605606245414;1605606245603;1605606245604;1605606245652;,323;106;301;106;,1;2;2;1;
1605606246,FE80::A608:F5FF:FE6C:3BA6,0,FF02::1,0,58,96,0,1,0,1605606246708;,96;,1;
1605606247,192.168.1.192,50520,137.110.0.69,443,17,4215,800,6,3,1605606247725;1605606247725;1605606247725;1605606247725;1605606247764;1605606247928;1605606247975;1605606247976;1605606247982;,640;1366;1366;575;106;162;532;106;162;,1;1;1;1;2;1;2;1;2;
1605606248,192.168.1.192,50520,137.110.0.69,443,17,484,613,4,4,1605606248024;1605606248053;1605606248054;1605606248054;1605606248054;1605606248078;1605606248905;1605606248957;,106;182;126;126;126;126;179;126;,1;2;2;1;1;2;2;1;
1605606249,192.168.1.192,50520,137.110.0.69,443,17,271,154,2,1,1605606249447;1605606249513;1605606249557;,165;154;106;,1;2;1;
1605606250,192.168.1.192,53172,137.110.0.69,443,6,77,40,1,1,1605606250602;1605606250627;,77;40;,1;2;
1605606251,192.168.1.192,50520,137.110.0.69,443,17,3353,1074,6,6,1605606251443;1605606251452;1605606251453;1605606251453;1605606251453;1605606251453;1605606251456;1605606251456;1605606251456;1605606251544;1605606251681;1605606251716;,467;152;137;106;106;106;1366;1366;234;106;175;106;,2;2;2;2;1;1;1;1;1;2;1;2;
1605606252,192.168.1.192,50520,137.110.0.69,443,17,127,138,1,1,1605606252512;1605606252531;,127;138;,1;2;
1605606253,192.168.1.192,50520,137.110.0.69,443,17,212,501,2,4,1605606253049;1605606253050;1605606253051;1605606253052;1605606253052;1605606253067;,152;106;137;106;106;106;,2;1;2;1;2;2;
1605606254,192.168.1.192,50520,137.110.0.69,443,17,127,138,1,1,1605606254274;1605606254306;,127;138;,1;2;
1605606255,192.168.1.192,50520,137.110.0.69,443,17,381,414,3,3,1605606255259;1605606255288;1605606255751;1605606255751;1605606255772;1605606255772;,127;138;127;127;138;138;,1;2;1;1;2;2;
